client_0;Accept
client_1;Reject
client_2;Accept
client_3;Accept
client_4;Accept
client_5;Accept
client_6;Reject
client_7;Accept
client_8;Reject
client_9;Accept
client_10;Reject
client_11;Reject
client_12;Accept
client_13;Reject
client_14;Accept
client_15;Reject
client_16;Accept
client_17;Reject
client_18;Accept
client_19;Accept
client_20;Accept
client_21;Reject
client_22;Accept
client_23;Accept
client_24;Accept
client_25;Reject
client_26;Accept
client_27;Accept
client_28;Reject
client_29;Accept
client_30;Accept
client_31;Accept
client_32;Accept
client_33;Accept
client_34;Reject
client_35;Accept
client_36;Accept
client_37;Accept
client_38;Accept
client_39;Accept
client_40;Accept
client_41;Reject
client_42;Accept
client_43;Accept
client_44;Reject
client_45;Reject
client_46;Reject
client_47;Reject
client_48;Accept
client_49;Reject
client_50;Accept
client_51;Reject
client_52;Reject
client_53;Reject
client_54;Accept
client_55;Accept
client_56;Accept
client_57;Reject
client_58;Accept
client_59;Reject
client_60;Accept
client_61;Accept
client_62;Accept
client_63;Accept
client_64;Accept
client_65;Accept
client_66;Reject
client_67;Reject
client_68;Accept
client_69;Reject
client_70;Accept
client_71;Accept
client_72;Accept
client_73;Reject
client_74;Accept
client_75;Accept
client_76;Accept
client_77;Accept
client_78;Accept
client_79;Reject
client_80;Reject
client_81;Reject
client_82;Accept
client_83;Accept
client_84;Accept
client_85;Accept
client_86;Reject
client_87;Accept
client_88;Accept
client_89;Reject
client_90;Accept
client_91;Accept
client_92;Reject
client_93;Accept
client_94;Reject
client_95;Accept
client_96;Accept
client_97;Reject
client_98;Accept
client_99;Accept
client_100;Accept
client_101;Accept
client_102;Accept
client_103;Accept
client_104;Reject
client_105;Accept
client_106;Accept
client_107;Accept
client_108;Accept
client_109;Accept
client_110;Reject
client_111;Reject
client_112;Accept
client_113;Reject
client_114;Accept
client_115;Accept
client_116;Accept
client_117;Reject
client_118;Accept
client_119;Reject
client_120;Accept
client_121;Accept
client_122;Accept
client_123;Reject
client_124;Accept
client_125;Accept
client_126;Accept
client_127;Reject
client_128;Accept
client_129;Reject
client_130;Accept
client_131;Reject
client_132;Accept
client_133;Accept
client_134;Reject
client_135;Accept
client_136;Reject
client_137;Accept
client_138;Reject
client_139;Accept
client_140;Accept
client_141;Accept
client_142;Reject
client_143;Accept
client_144;Reject
client_145;Accept
client_146;Accept
client_147;Reject
client_148;Accept
client_149;Accept
client_150;Reject
client_151;Accept
client_152;Reject
client_153;Reject
client_154;Reject
client_155;Accept
client_156;Accept
client_157;Reject
client_158;Accept
client_159;Reject
client_160;Reject
client_161;Accept
client_162;Reject
client_163;Accept
client_164;Accept
client_165;Accept
client_166;Reject
client_167;Accept
client_168;Accept
client_169;Accept
client_170;Accept
client_171;Reject
client_172;Reject
client_173;Accept
client_174;Accept
client_175;Reject
client_176;Accept
client_177;Accept
client_178;Reject
client_179;Reject
client_180;Reject
client_181;Accept
client_182;Accept
client_183;Accept
client_184;Reject
client_185;Reject
client_186;Accept
client_187;Reject
client_188;Accept
client_189;Reject
client_190;Reject
client_191;Reject
client_192;Reject
client_193;Reject
client_194;Accept
client_195;Accept
client_196;Reject
client_197;Accept
client_198;Reject
client_199;Reject
client_200;Reject
client_201;Reject
client_202;Reject
client_203;Accept
client_204;Reject
client_205;Accept
client_206;Reject
client_207;Accept
client_208;Accept
client_209;Accept
client_210;Accept
client_211;Accept
client_212;Accept
client_213;Reject
client_214;Accept
client_215;Reject
client_216;Reject
client_217;Accept
client_218;Reject
client_219;Accept
client_220;Accept
client_221;Reject
client_222;Accept
client_223;Accept
client_224;Accept
client_225;Reject
client_226;Accept
client_227;Accept
client_228;Reject
client_229;Reject
client_230;Accept
client_231;Reject
client_232;Reject
client_233;Reject
client_234;Accept
client_235;Accept
client_236;Accept
client_237;Reject
client_238;Reject
client_239;Reject
client_240;Accept
client_241;Accept
client_242;Reject
client_243;Accept
client_244;Accept
client_245;Accept
client_246;Accept
client_247;Reject
client_248;Accept
client_249;Accept
client_250;Accept
client_251;Reject
client_252;Accept
client_253;Accept
client_254;Accept
client_255;Reject
client_256;Reject
client_257;Reject
client_258;Accept
client_259;Accept
client_260;Accept
client_261;Reject
client_262;Accept
client_263;Reject
client_264;Accept
client_265;Accept
client_266;Accept
client_267;Reject
client_268;Accept
client_269;Accept
client_270;Accept
client_271;Accept
client_272;Reject
client_273;Accept
client_274;Accept
client_275;Reject
client_276;Accept
client_277;Accept
client_278;Accept
client_279;Accept
client_280;Accept
client_281;Accept
client_282;Accept
client_283;Accept
client_284;Accept
client_285;Accept
client_286;Accept
client_287;Reject
client_288;Accept
client_289;Reject
client_290;Accept
client_291;Accept
client_292;Accept
client_293;Accept
client_294;Reject
client_295;Reject
client_296;Reject
client_297;Reject
client_298;Reject
client_299;Accept
client_300;Reject
client_301;Accept
client_302;Accept
client_303;Accept
client_304;Accept
client_305;Accept
client_306;Accept
client_307;Accept
client_308;Accept
client_309;Reject
client_310;Accept
client_311;Accept
client_312;Accept
client_313;Reject
client_314;Accept
client_315;Accept
client_316;Reject
client_317;Reject
client_318;Accept
client_319;Reject
client_320;Accept
client_321;Accept
client_322;Accept
client_323;Reject
client_324;Accept
client_325;Reject
client_326;Accept
client_327;Reject
client_328;Reject
client_329;Reject
client_330;Reject
client_331;Reject
client_332;Accept
client_333;Reject
client_334;Accept
client_335;Accept
client_336;Accept
client_337;Accept
client_338;Accept
client_339;Accept
client_340;Accept
client_341;Reject
client_342;Reject
client_343;Reject
client_344;Accept
client_345;Reject
client_346;Accept
client_347;Reject
client_348;Reject
client_349;Reject
client_350;Reject
client_351;Reject
client_352;Accept
client_353;Accept
client_354;Reject
client_355;Reject
client_356;Accept
client_357;Reject
client_358;Reject
client_359;Reject
client_360;Reject
client_361;Reject
client_362;Accept
client_363;Accept
client_364;Accept
client_365;Accept
client_366;Accept
client_367;Reject
client_368;Reject
client_369;Accept
client_370;Accept
client_371;Accept
client_372;Reject
client_373;Reject
client_374;Accept
client_375;Reject
client_376;Accept
client_377;Accept
client_378;Accept
client_379;Accept
client_380;Reject
client_381;Reject
client_382;Accept
client_383;Accept
client_384;Accept
client_385;Accept
client_386;Accept
client_387;Reject
client_388;Accept
client_389;Accept
client_390;Reject
client_391;Reject
client_392;Accept
client_393;Accept
client_394;Accept
client_395;Accept
client_396;Accept
client_397;Accept
client_398;Accept
client_399;Accept
client_400;Accept
client_401;Reject
client_402;Accept
client_403;Accept
client_404;Reject
client_405;Reject
client_406;Reject
client_407;Accept
client_408;Accept
client_409;Reject
client_410;Reject
client_411;Accept
client_412;Accept
client_413;Accept
client_414;Reject
client_415;Accept
client_416;Accept
client_417;Reject
client_418;Accept
client_419;Accept
client_420;Accept
client_421;Reject
client_422;Accept
client_423;Accept
client_424;Reject
client_425;Accept
client_426;Reject
client_427;Reject
client_428;Accept
client_429;Reject
client_430;Accept
client_431;Accept
client_432;Reject
client_433;Reject
client_434;Reject
client_435;Reject
client_436;Accept
client_437;Accept
client_438;Accept
client_439;Accept
client_440;Accept
client_441;Reject
client_442;Accept
client_443;Reject
client_444;Accept
client_445;Accept
client_446;Accept
client_447;Accept
client_448;Accept
client_449;Reject
client_450;Accept
client_451;Accept
client_452;Accept
client_453;Reject
client_454;Accept
client_455;Reject
client_456;Reject
client_457;Accept
client_458;Accept
client_459;Reject
client_460;Accept
client_461;Accept
client_462;Reject
client_463;Accept
client_464;Accept
client_465;Accept
client_466;Accept
client_467;Accept
client_468;Accept
client_469;Accept
client_470;Reject
client_471;Reject
client_472;Accept
client_473;Reject
client_474;Reject
client_475;Reject
client_476;Reject
client_477;Accept
client_478;Reject
client_479;Accept
client_480;Accept
client_481;Accept
client_482;Accept
client_483;Accept
client_484;Accept
client_485;Reject
client_486;Accept
client_487;Accept
client_488;Accept
client_489;Accept
client_490;Accept
client_491;Reject
client_492;Accept
client_493;Accept
client_494;Accept
client_495;Accept
client_496;Reject
client_497;Reject
client_498;Accept
client_499;Accept
client_500;Reject
client_501;Reject
client_502;Reject
client_503;Reject
client_504;Reject
client_505;Reject
client_506;Reject
client_507;Accept
client_508;Reject
client_509;Accept
client_510;Accept
client_511;Reject
client_512;Reject
client_513;Reject
client_514;Accept
client_515;Accept
client_516;Reject
client_517;Reject
client_518;Reject
client_519;Accept
client_520;Reject
client_521;Accept
client_522;Accept
client_523;Accept
client_524;Accept
client_525;Accept
client_526;Reject
client_527;Accept
client_528;Reject
client_529;Accept
client_530;Accept
client_531;Accept
client_532;Accept
client_533;Accept
client_534;Accept
client_535;Accept
client_536;Accept
client_537;Reject
client_538;Reject
client_539;Accept
client_540;Accept
client_541;Accept
client_542;Reject
client_543;Accept
client_544;Reject
client_545;Reject
client_546;Reject
client_547;Accept
client_548;Reject
client_549;Reject
client_550;Accept
client_551;Reject
client_552;Reject
client_553;Accept
client_554;Reject
client_555;Accept
client_556;Reject
client_557;Accept
client_558;Accept
client_559;Accept
client_560;Accept
client_561;Reject
client_562;Accept
client_563;Reject
client_564;Reject
client_565;Accept
client_566;Reject
client_567;Accept
client_568;Accept
client_569;Accept
client_570;Accept
client_571;Accept
client_572;Accept
client_573;Reject
client_574;Accept
client_575;Accept
client_576;Accept
client_577;Accept
client_578;Accept
client_579;Reject
client_580;Accept
client_581;Reject
client_582;Reject
client_583;Accept
client_584;Accept
client_585;Accept
client_586;Reject
client_587;Reject
client_588;Accept
client_589;Accept
client_590;Accept
client_591;Reject
client_592;Accept
client_593;Accept
client_594;Accept
client_595;Accept
client_596;Accept
client_597;Accept
client_598;Reject
client_599;Accept
client_600;Reject
client_601;Accept
client_602;Accept
client_603;Accept
client_604;Reject
client_605;Accept
client_606;Reject
client_607;Reject
client_608;Reject
client_609;Accept
client_610;Accept
client_611;Reject
client_612;Accept
client_613;Reject
client_614;Reject
client_615;Reject
client_616;Accept
client_617;Reject
client_618;Accept
client_619;Accept
client_620;Reject
client_621;Accept
client_622;Reject
client_623;Reject
client_624;Accept
client_625;Reject
client_626;Accept
client_627;Reject
client_628;Accept
client_629;Accept
client_630;Reject
client_631;Reject
client_632;Accept
client_633;Reject
client_634;Reject
client_635;Accept
client_636;Reject
client_637;Reject
client_638;Accept
client_639;Accept
client_640;Reject
client_641;Reject
client_642;Reject
client_643;Accept
client_644;Accept
client_645;Accept
client_646;Accept
client_647;Accept
client_648;Accept
client_649;Accept
client_650;Reject
client_651;Reject
client_652;Reject
client_653;Reject
client_654;Accept
client_655;Reject
client_656;Accept
client_657;Reject
client_658;Accept
client_659;Accept
client_660;Accept
client_661;Reject
client_662;Reject
client_663;Accept
client_664;Reject
client_665;Accept
client_666;Accept
client_667;Reject
client_668;Reject
client_669;Accept
client_670;Accept
client_671;Accept
client_672;Reject
client_673;Reject
client_674;Reject
client_675;Accept
client_676;Accept
client_677;Accept
client_678;Accept
client_679;Accept
client_680;Accept
client_681;Accept
client_682;Reject
client_683;Accept
client_684;Accept
client_685;Accept
client_686;Accept
client_687;Reject
client_688;Accept
client_689;Accept
client_690;Reject
client_691;Reject
client_692;Reject
client_693;Accept
client_694;Accept
client_695;Reject
client_696;Accept
client_697;Accept
client_698;Accept
client_699;Reject
client_700;Reject
client_701;Accept
client_702;Accept
client_703;Accept
client_704;Reject
client_705;Reject
client_706;Accept
client_707;Reject
client_708;Reject
client_709;Accept
client_710;Accept
client_711;Accept
client_712;Accept
client_713;Reject
client_714;Reject
client_715;Accept
client_716;Reject
client_717;Reject
client_718;Reject
client_719;Accept
client_720;Accept
client_721;Accept
client_722;Accept
client_723;Accept
client_724;Reject
client_725;Accept
client_726;Accept
client_727;Accept
client_728;Accept
client_729;Accept
client_730;Accept
client_731;Accept
client_732;Accept
client_733;Reject
client_734;Reject
client_735;Accept
client_736;Accept
client_737;Reject
client_738;Accept
client_739;Reject
client_740;Reject
client_741;Accept
client_742;Accept
client_743;Accept
client_744;Accept
client_745;Accept
client_746;Accept
client_747;Accept
client_748;Accept
client_749;Accept
client_750;Accept
client_751;Accept
client_752;Accept
client_753;Accept
client_754;Accept
client_755;Accept
client_756;Accept
client_757;Accept
client_758;Reject
client_759;Accept
client_760;Reject
client_761;Reject
client_762;Reject
client_763;Reject
client_764;Accept
client_765;Accept
client_766;Reject
client_767;Accept
client_768;Accept
client_769;Accept
client_770;Accept
client_771;Reject
client_772;Accept
client_773;Accept
client_774;Accept
client_775;Accept
client_776;Accept
client_777;Reject
client_778;Reject
client_779;Accept
client_780;Reject
client_781;Accept
client_782;Reject
client_783;Accept
client_784;Reject
client_785;Accept
client_786;Accept
client_787;Accept
client_788;Accept
client_789;Accept
client_790;Accept
client_791;Accept
client_792;Reject
client_793;Reject
client_794;Accept
client_795;Reject
client_796;Accept
client_797;Reject
client_798;Reject
client_799;Accept
client_800;Reject
client_801;Accept
client_802;Accept
client_803;Accept
client_804;Reject
client_805;Accept
client_806;Accept
client_807;Reject
client_808;Reject
client_809;Reject
client_810;Reject
client_811;Reject
client_812;Accept
client_813;Accept
client_814;Reject
client_815;Reject
client_816;Reject
client_817;Accept
client_818;Accept
client_819;Accept
client_820;Accept
client_821;Reject
client_822;Accept
client_823;Accept
client_824;Reject
client_825;Accept
client_826;Reject
client_827;Reject
client_828;Accept
client_829;Accept
client_830;Accept
client_831;Accept
client_832;Accept
client_833;Reject
client_834;Accept
client_835;Reject
client_836;Accept
client_837;Reject
client_838;Reject
client_839;Reject
client_840;Accept
client_841;Reject
client_842;Reject
client_843;Reject
client_844;Accept
client_845;Reject
client_846;Accept
client_847;Reject
client_848;Accept
client_849;Accept
client_850;Reject
client_851;Accept
client_852;Reject
client_853;Accept
client_854;Accept
client_855;Reject
client_856;Accept
client_857;Accept
client_858;Accept
client_859;Reject
client_860;Accept
client_861;Accept
client_862;Accept
client_863;Accept
client_864;Reject
client_865;Reject
client_866;Accept
client_867;Reject
client_868;Accept
client_869;Accept
client_870;Accept
client_871;Accept
client_872;Reject
client_873;Accept
client_874;Accept
client_875;Accept
client_876;Accept
client_877;Accept
client_878;Accept
client_879;Accept
client_880;Reject
client_881;Accept
client_882;Accept
client_883;Accept
client_884;Reject
client_885;Accept
client_886;Reject
client_887;Accept
client_888;Accept
client_889;Reject
client_890;Accept
client_891;Reject
client_892;Reject
client_893;Accept
client_894;Reject
client_895;Accept
client_896;Accept
client_897;Accept
client_898;Accept
client_899;Reject
client_900;Accept
client_901;Accept
client_902;Reject
client_903;Accept
client_904;Accept
client_905;Accept
client_906;Accept
client_907;Accept
client_908;Accept
client_909;Reject
client_910;Accept
client_911;Reject
client_912;Accept
client_913;Accept
client_914;Accept
client_915;Accept
client_916;Accept
client_917;Accept
client_918;Accept
client_919;Accept
client_920;Reject
client_921;Reject
client_922;Reject
client_923;Accept
client_924;Reject
client_925;Accept
client_926;Reject
client_927;Accept
client_928;Reject
client_929;Reject
client_930;Accept
client_931;Accept
client_932;Accept
client_933;Reject
client_934;Accept
client_935;Reject
client_936;Reject
client_937;Accept
client_938;Accept
client_939;Accept
client_940;Accept
client_941;Reject
client_942;Accept
client_943;Reject
client_944;Accept
client_945;Reject
client_946;Accept
client_947;Accept
client_948;Reject
client_949;Accept
client_950;Accept
client_951;Reject
client_952;Reject
client_953;Accept
client_954;Accept
client_955;Accept
client_956;Accept
client_957;Accept
client_958;Reject
client_959;Accept
client_960;Reject
client_961;Reject
client_962;Reject
client_963;Accept
client_964;Accept
client_965;Accept
client_966;Reject
client_967;Accept
client_968;Reject
client_969;Accept
client_970;Accept
client_971;Reject
client_972;Accept
client_973;Accept
client_974;Reject
client_975;Reject
client_976;Accept
client_977;Accept
client_978;Accept
client_979;Accept
client_980;Accept
client_981;Reject
client_982;Accept
client_983;Reject
client_984;Accept
client_985;Accept
client_986;Accept
client_987;Accept
client_988;Accept
client_989;Accept
client_990;Reject
client_991;Accept
client_992;Accept
client_993;Reject
client_994;Accept
client_995;Accept
client_996;Accept
client_997;Accept
client_998;Accept
client_999;Accept
